Id,BIRTHDATE,DEATHDATE,SSN,DRIVERS,PASSPORT,PREFIX,FIRST,MIDDLE,LAST,SUFFIX,MAIDEN,MARITAL,RACE,ETHNICITY,GENDER,BIRTHPLACE,ADDRESS,CITY,STATE,COUNTY,FIPS,ZIP,LAT,LON,HEALTHCARE_EXPENSES,HEALTHCARE_COVERAGE,INCOME
4d333140-761d-c830-b9f8-74b9e8fb5210,1973-05-13,,999-58-6664,S99954614,X27339922X,Mr.,Walker122,,Willms744,,,M,white,hispanic,M,Danvers  Massachusetts  US,153 Mante Gate Unit 73,Westford,Massachusetts,Middlesex County,,00000,42.56251693958965,-71.43259868766195,124558.08,13486.85,160472
af5e1c55-3b63-b74d-78d0-d5461b68ab3b,1995-09-04,,999-51-6828,S99965730,X67134259X,Mrs.,Tashia814,Syble581,Turner526,,Abshire638,M,white,nonhispanic,F,Boston  Massachusetts  US,760 Heller Vista,North Reading,Massachusetts,Middlesex County,,00000,42.55816053280501,-71.10336692619468,108211.04,182451.23,144583
0fb8cfe4-89bb-e3a6-e9eb-3a3a34e9a2a7,2004-09-29,,999-28-9833,S99974503,X22081968X,Ms.,Sam879,Lynne528,Bailey598,,,,white,nonhispanic,F,Burlington  Massachusetts  US,1021 Jakubowski Village Suite 48,Hadley,Massachusetts,Hampshire County,,00000,42.40495082183231,-72.55850203338674,78826.41,43280.11,58184
c736758f-3ce0-cf64-2d04-a8302a2da185,1960-01-24,,999-55-5837,S99925331,X29146222X,Mr.,Cole117,,Boehm581,JD,,M,white,nonhispanic,M,Westford  Massachusetts  US,136 Corwin Camp Suite 69,Beverly,Massachusetts,Essex County,25009,01915,42.556033015609344,-70.79522853846834,183627.58,46623.43,197782
47247521-f753-697f-dbfd-ad239cd267bb,2022-12-23,,999-26-9799,,,,Jame231,,Crooks415,,,,white,nonhispanic,M,Woburn  Massachusetts  US,416 Mann Arcade,Newton,Massachusetts,Middlesex County,25017,02466,42.32307692216427,-71.29786023183182,8246.92,0.00,157740
2b257d1e-6941-b32a-47a1-fd7c4b30b6e1,2014-02-06,,999-86-3743,,,,Tyrone215,Salvatore257,Little434,,,,white,nonhispanic,M,Gloucester  Massachusetts  US,452 Sipes Flat,Franklin,Massachusetts,Norfolk County,25021,02038,42.09731470911177,-71.44363845134033,40366.90,0.00,54705
a6acc76a-b5c9-78f1-a448-053c162e6f14,1991-03-09,,999-13-3889,S99994161,X74572350X,Ms.,Paulita78,Marquitta546,Kuhlman484,,,S,white,nonhispanic,F,Westfield  Massachusetts  US,1055 Huel Dale Apt 72,Shrewsbury,Massachusetts,Worcester County,,00000,42.29950730458369,-71.7111326220778,294817.73,325412.02,115275
f954f902-0b3f-eb41-0b90-fbd520e7739c,1997-04-07,,999-48-2591,S99938251,X47961636X,Mrs.,Ossie995,Chae49,Von197,,Pacocha935,M,white,nonhispanic,F,Easton  Massachusetts  US,904 Donnelly Lane,Falmouth,Massachusetts,Barnstable County,25001,02540,41.62137346382253,-70.57303114990475,122825.49,515524.42,71516
c6142853-0e6a-e316-7c66-67175f5272e5,2015-04-09,,999-21-7981,,,,Fay398,Natividad796,Stracke611,,,,white,nonhispanic,F,Plymouth  Massachusetts  US,441 Hamill Parade,Lawrence,Massachusetts,Essex County,25009,01841,42.75601712005068,-71.13865606500904,20197.94,26556.80,71916
6879c649-4126-b750-2f3d-8ccbb7819ef5,1984-11-23,,999-42-3836,S99976089,X73676883X,Mr.,Markus389,Derick144,Effertz744,,,M,white,nonhispanic,M,Fitchburg  Massachusetts  US,136 Sawayn Ranch Apt 36,Everett,Massachusetts,Middlesex County,25017,02149,42.40156388616818,-71.06262515373851,113077.76,27016.05,85306
d724ec72-8446-b458-77f7-542c6ddbdadf,1996-12-01,,999-31-1988,S99935961,X37777543X,Mrs.,Regenia619,,Frami345,,Kuhn96,M,white,nonhispanic,F,Wrentham  Massachusetts  US,576 Mayert Skyway,New Bedford,Massachusetts,Bristol County,25005,02746,41.609361915542706,-70.93665413006786,174022.69,904508.47,44959
cd04b745-8f99-3a92-b272-ba4956d304c9,1947-04-27,,999-29-2016,S99937428,X15734580X,Mrs.,Maybelle917,Mira443,Wiegand701,,Gottlieb798,M,white,hispanic,F,Franklin  Massachusetts  US,294 Rutherford Park,Agawam,Massachusetts,Hampden County,25013,01001,42.01703986565857,-72.6546313461208,152679.19,1030368.39,25822
3a56a437-19dc-7963-695d-472b0455067c,1972-02-18,,999-98-9917,S99968897,X68696535X,Mr.,Asa127,Hobert364,Boehm581,,,D,white,hispanic,M,Lakeville  Massachusetts  US,809 Kuvalis Park Apt 27,Agawam,Massachusetts,Hampden County,25013,01001,42.06754146275139,-72.61870572838907,168140.49,20223.04,54761
e1162f7b-cd7e-9cd6-840c-52e8bbb00d8c,2007-08-08,,999-27-3306,S99928819,,Mr.,Gilberto712,Ervin886,Satterfield305,,,,black,nonhispanic,M,Chelsea  Massachusetts  US,803 Jacobs Neck Suite 57,Boston,Massachusetts,Suffolk County,25025,02118,42.35304031226348,-71.08667979995055,45765.24,31838.55,68950
a295f9c5-0454-63f7-122a-e83afdde3d71,2004-10-12,,999-43-4031,S99948252,X8344976X,Mr.,Federico589,Lorenzo669,León820,,,,black,hispanic,M,Port-au-Prince  Haiti  HT,206 Bednar Overpass Suite 69,Springfield,Massachusetts,Hampden County,25013,01199,42.08063767953116,-72.64568731177363,85130.56,0.00,72521
3888aedd-cd70-62ac-cda0-b84f21fdb8ed,2002-09-02,,999-14-2948,S99962179,X28205855X,Ms.,Genevie117,Lizzette325,Larkin917,,,,white,hispanic,F,Boxford  Massachusetts  US,1048 McCullough Estate Suite 80,Boston,Massachusetts,Suffolk County,25025,02122,42.27950052746956,-71.06392791679754,74751.71,165145.96,62609
21dfa689-cd14-4f27-eb79-fca0ac5e9e37,2015-05-01,,999-11-2217,,,,Silvia880,Claudia969,Llamas954,,,,white,hispanic,F,Wesley  Saint Andrew Parish  DM,626 Boyle Rest,Douglas,Massachusetts,Worcester County,,00000,42.03068469166603,-71.71377831802815,28094.43,2681.36,38435
33b8466e-f4fe-8607-7ddd-b5cdb535cced,2024-07-18,,999-48-1387,,,,Bennie663,Sebastian508,Reinger292,,,,white,hispanic,M,Brockton  Massachusetts  US,756 Glover Crossroad,Springfield,Massachusetts,Hampden County,25013,01151,42.10707590990352,-72.52757914386777,250.00,5181.49,11864
71c7d51a-8a36-c22d-6d39-4768b365f317,1987-02-27,2007-08-04,999-29-7618,S99915694,X78920537X,Mr.,Phil587,,Johnson679,,,,white,nonhispanic,M,Stow  Massachusetts  US,781 Langosh Vista,Boston,Massachusetts,Suffolk County,25025,02127,42.37132397180039,-71.08161103796796,5188.63,63615.04,9666
83d41412-1b78-0cdd-1674-db67fd0f3092,1987-02-27,,999-45-7949,S99979309,X27842509X,Mr.,Byron202,,Conn188,,,S,white,nonhispanic,M,Attleboro  Massachusetts  US,497 Wolff Overpass,Boston,Massachusetts,Suffolk County,25025,02113,42.2362344421538,-71.1206555509708,6278.52,102940.88,9666
6a48196f-b049-ee0f-5cc2-6aa927bc13b9,1960-04-10,,999-14-7892,S99961364,X72626019X,Ms.,Ivelisse712,Denisse335,Fisher429,,,S,white,nonhispanic,F,Townsend  Massachusetts  US,306 Goodwin Branch Unit 30,Framingham,Massachusetts,Middlesex County,25017,01702,42.30876425038801,-71.41839900313299,18031.32,1204275.28,14747
9b696c00-636f-41eb-055f-a78998fdbd82,1970-03-16,,999-56-1948,S99913473,X36541168X,Mrs.,Karine844,Kimiko714,Leannon79,JD,Bartoletti50,M,black,nonhispanic,F,Melrose  Massachusetts  US,271 Goodwin Well,Sudbury,Massachusetts,Middlesex County,,00000,42.42488570226183,-71.39501271184263,1071178.97,1059282.90,116123
e737f7c2-0e8d-a515-0a1e-c5ac4c867592,2023-06-17,,999-93-2389,,,,Eli762,Johnnie679,Schamberger479,,,,white,nonhispanic,M,Holden  Massachusetts  US,102 Schoen Landing,Lynn,Massachusetts,Essex County,25009,01906,42.46130580060636,-71.02825785093783,4975.67,2406.67,70736
49aaf697-fcd3-76d0-abca-b0d6d058beff,2021-04-20,,999-23-1938,,,,Ying817,Randy380,Roob72,,,,asian,nonhispanic,F,Holland  Massachusetts  US,655 White Promenade,New Bedford,Massachusetts,Bristol County,25005,02746,41.671292498526995,-70.8730897667285,19717.15,0.00,55717
8fb51d46-ed54-cd80-6210-a0698c0387ab,1959-09-14,,999-65-1005,S99912557,X2704028X,Mrs.,Perry780,Cordia574,Cassin499,,Kshlerin58,M,white,nonhispanic,F,Easthampton  Massachusetts  US,831 Adams Crossroad Suite 61,Cochituate,Massachusetts,Middlesex County,,00000,42.33506976725407,-71.38010929302456,205036.98,1178209.69,207660
50f34d8e-988e-82a3-e456-63a54cc311af,2002-05-15,,999-98-1467,S99921785,X16012755X,Ms.,Marni913,Jenny686,Gaylord332,,,,white,hispanic,F,Medford  Massachusetts  US,329 Koss Mill Apt 46,Marblehead,Massachusetts,Essex County,25009,01945,42.47685848371089,-70.89918612449151,116539.42,94703.84,140927
c500f261-d9a8-e1a7-e6cb-7bbf718a186c,2024-03-06,,999-18-3976,,,,Mercedes82,Brande998,Marks830,,,,white,nonhispanic,F,Eastham  Massachusetts  US,612 Heidenreich Plaza Apt 35,Boston,Massachusetts,Suffolk County,25025,02203,42.361778801540915,-71.0159042170057,5419.12,0.00,265597
f5201fcb-d7fa-7906-dbd2-3aa8daa7f026,1980-09-18,,999-42-4362,S99968433,X3106775X,Mrs.,Kindra525,Hassie51,Wisozk929,,Kuphal363,M,white,nonhispanic,F,Boston  Massachusetts  US,845 Gislason Parade,Newton,Massachusetts,Middlesex County,25017,02464,42.297491810596426,-71.14495825401723,178939.97,513743.30,598376
127f754a-6111-1d01-b165-ee5c65704567,2018-05-14,,999-15-1255,,,,Ivory697,Pete38,Hintz995,,,,white,nonhispanic,M,Melrose  Massachusetts  US,603 Graham Gardens,Fall River,Massachusetts,Bristol County,25005,02790,41.696866653939054,-71.10376309030883,13221.46,7317.05,28221
fdaef9b1-877f-4539-6a09-b3a9c852be39,2022-01-31,,999-66-4395,,,,Loren192,Jewel43,Friesen796,,,,white,nonhispanic,M,Medway  Massachusetts  US,809 Bergnaum Lane Unit 8,Groton,Massachusetts,Middlesex County,25017,01450,42.659150276301105,-71.52193320570154,5637.04,3138.03,98218
0ca05b00-82dc-4b42-348c-b9d58be9e632,1969-04-23,,999-58-2270,S99924747,X10472204X,Mrs.,Golda777,Torie475,Koelpin146,,Purdy2,M,white,nonhispanic,F,Duxbury  Massachusetts  US,1072 Cummings Lodge,Leicester,Massachusetts,Worcester County,,00000,42.2721759385628,-71.9618441321239,197999.22,1108756.95,25061
c8f617e0-7bce-6a73-45f5-e959fc6d6de8,2008-04-25,,999-51-9462,S99973263,,Mr.,Rory188,Nicky270,Orn563,,,,white,nonhispanic,M,Cambridge  Massachusetts  US,913 Bogisich Tunnel Suite 37,Milford,Massachusetts,Worcester County,25027,01757,42.13984958310145,-71.47995468569904,26177.07,24453.90,131826
341fc7f7-9a7a-bbb0-9040-894f9f01b746,1986-01-19,,999-50-4450,S99993400,X85857176X,Ms.,Zulma701,Debbie941,Gulgowski816,,,S,white,nonhispanic,F,Barnstable  Massachusetts  US,135 McClure Gardens Suite 13,Hopkinton,Massachusetts,Middlesex County,25017,01748,42.26778632067255,-71.50818770493461,282624.42,126079.50,60168
9df59496-c952-1587-b215-9e303bfac6cd,1947-10-28,1998-04-27,999-61-6094,S99953913,X3351499X,Mrs.,Margaret865,,Weber641,,Zieme486,M,white,nonhispanic,F,Tyngsborough  Massachusetts  US,883 Prosacco Grove,Taunton,Massachusetts,Bristol County,25005,02780,41.85379023051987,-71.03141559632692,26451.31,1353034.73,2670
567d6907-8ac0-f4ae-2b61-0f3f5a383838,1985-10-30,,999-10-9009,S99981139,X65068012X,Ms.,Mariel814,Valery629,Larkin917,,,S,white,hispanic,F,Springfield  Massachusetts  US,1075 Ebert Underpass Suite 32,Boston,Massachusetts,Suffolk County,25025,02119,42.27711743609533,-71.14020829143577,109199.01,157762.09,97540
2c906f42-9102-f15c-8b3b-27268e6b1405,2008-03-06,,999-22-9044,S99941524,,Mr.,Mose244,Mason910,Green467,,,,white,nonhispanic,M,Moscow  Moscow  RU,198 Lubowitz Common,Ocean Bluff-Brant Rock,Massachusetts,Plymouth County,,00000,42.07908157381043,-70.66574703040614,105303.47,684644.43,122932
0826c4e7-e2ca-a5ec-bd7b-119397bb2046,1947-10-28,,999-54-1155,S99915175,X12548699X,Mrs.,Eura647,Teresa94,Parisian75,,Macejkovic424,M,white,nonhispanic,F,Fitchburg  Massachusetts  US,959 Weissnat Corner Suite 97,Taunton,Massachusetts,Bristol County,25005,02718,41.95645696038129,-71.08466247851273,18117.06,1029882.14,2670
91cffb5a-8934-07c7-1ea6-16ae2fd61ef0,1941-06-18,,999-61-4285,S99980392,X16319257X,Mrs.,Naoma512,Harriett813,Sawayn19,,Lynch190,M,white,nonhispanic,F,Haverhill  Massachusetts  US,349 McLaughlin Highlands,Dudley,Massachusetts,Worcester County,,00000,42.06112506373422,-71.9602557186029,927435.86,412987.58,53758
ecb82c3b-16e3-6b3d-05b6-cae86670e12d,2014-11-29,,999-72-3709,,,,Art115,Stanford577,Skiles927,,,,black,nonhispanic,M,Springfield  Massachusetts  US,381 Schinner Lane,Boston,Massachusetts,Suffolk County,25025,02110,42.39715031997897,-71.05560989923337,21460.14,169.85,80380
fc54c463-0e69-2416-3d11-0b2e5bab9468,1971-07-10,,999-10-6818,S99993929,X65727748X,Mrs.,Joannie32,Vickie113,Walsh511,PhD,Bernhard322,D,white,nonhispanic,F,Somerset  Massachusetts  US,1069 Donnelly Junction Unit 55,East Douglas,Massachusetts,Worcester County,25027,01516,42.04203454399531,-71.75583232967988,555396.05,330225.90,89770
dd9d9999-8e3f-134d-e124-69e8c8e3d89e,2004-04-15,,999-89-3543,S99959621,X34282906X,Ms.,Carla633,María842,Olivera810,,,,other,hispanic,F,Santiago  Santiago Province  CL,397 MacGyver Knoll Apt 37,Boston,Massachusetts,Suffolk County,25025,02210,42.3273188014149,-71.0418146910338,9185.51,321166.22,21938
1f0d8f7c-0e0c-53e7-0b5b-bd2737ccfe95,2012-08-14,,999-67-1205,,,,Joesph309,Glen190,Kris249,,,,native,nonhispanic,M,Boston  Massachusetts  US,450 Mraz Loaf,Andover,Massachusetts,Essex County,25009,01810,42.625404103832324,-71.19530306166111,28263.67,3676.92,151614
30eb579d-5241-ee8a-fc30-f65026df88c5,2014-11-09,,999-39-4895,,,,Rosena550,,Quitzon246,,,,white,nonhispanic,F,Wakefield  Massachusetts  US,196 Walker Promenade Unit 78,Greenfield,Massachusetts,Franklin County,25011,01301,42.60123251073567,-72.61748058004659,1845.86,34817.60,2157
c553797c-8c37-baad-426b-ab8409a0eb3b,1989-09-05,,999-79-1786,S99922477,X36085826X,Mrs.,Genie948,,Lueilwitz711,,Purdy2,M,white,nonhispanic,F,Norwood  Massachusetts  US,127 Gerlach Route,Norwell,Massachusetts,Plymouth County,,00000,42.212689534628744,-70.84443185253394,10348.95,433679.07,9946
75feaae6-c928-7640-88e6-bc0f808c2d7e,2008-06-26,,999-29-4821,S99934255,,,Tanner110,Isiah14,Watsica258,,,,black,nonhispanic,M,Canton  Massachusetts  US,987 Zulauf Gardens Unit 14,Boston,Massachusetts,Suffolk County,25025,02111,42.38243048512991,-70.92769387624541,53450.45,5089.71,65822
9aaca1d4-8cbb-79da-bb5e-9e1941667675,1949-12-05,,999-95-8675,S99919856,X26064959X,Mr.,Dewitt635,Scot349,Stanton715,,,M,hawaiian,nonhispanic,M,Chelmsford  Massachusetts  US,786 Shanahan Highlands,Boston,Massachusetts,Suffolk County,25025,02110,42.34484320247375,-71.17897732538867,300326.52,611804.15,120002
b5793869-40d6-9c43-1c32-abec3bb62069,1984-07-02,,999-23-6575,S99929827,X14126777X,Mr.,Hipolito984,Douglas31,MacGyver246,,,S,white,nonhispanic,M,Lowell  Massachusetts  US,736 VonRueden Ville Apt 88,Billerica,Massachusetts,Middlesex County,,00000,42.563434783056316,-71.22113808257049,106758.44,30385.84,96773
5f49708e-ac27-abf9-5e98-3ed2fc670a34,2014-10-19,,999-14-3974,,,,Ava220,Lilliam592,Champlin946,,,,white,nonhispanic,F,Chelsea  Massachusetts  US,486 Powlowski Underpass,Lowell,Massachusetts,Middlesex County,25017,01854,42.61762115563263,-71.29517619466432,29925.68,9706.57,43309
c81dc364-3ec9-e437-365e-87bd1a1db691,2014-05-16,,999-25-9420,,,,Roberta529,Maybell872,Herzog843,,,,white,nonhispanic,F,West Bridgewater  Massachusetts  US,187 Gaylord Mall,Worcester,Massachusetts,Worcester County,25027,01604,42.27420345266304,-71.73083209104597,43169.58,17046.28,97105
13221bec-1796-2f9a-5509-7d7440d11484,1996-06-21,,999-32-6019,S99966528,X53596975X,Mr.,Jeromy156,,Skiles927,,,M,white,nonhispanic,M,Chelsea  Massachusetts  US,335 Runolfsdottir Glen,Shirley,Massachusetts,Middlesex County,25017,01464,42.55268332534591,-71.66289107304284,98341.89,17967.83,48799
c2fb7478-1ae8-0295-0b4f-cdea026e5f1c,2013-07-05,,999-39-6555,,,,Trinidad33,Steve819,Dicki44,,,,white,nonhispanic,M,Springfield  Massachusetts  US,767 Grant Skyway,Wales,Massachusetts,Hampden County,,00000,42.02596029665262,-72.25862957047009,5675.40,59836.29,105644
c8fb45b4-2302-69a2-8a70-8e2a5efbb6ac,1987-04-06,,999-48-2955,S99974525,X57462284X,Mr.,Dewayne363,,Bechtelar572,,,M,white,nonhispanic,M,Somerville  Massachusetts  US,520 Green Gateway Suite 59,Middleborough,Massachusetts,Plymouth County,,00000,41.82847701985719,-70.83408360543224,114294.94,49616.84,696696
e3a5869d-b275-51a4-b63a-ff997189649a,1964-04-18,2020-02-21,999-41-4647,S99934263,X51719316X,Mr.,Alfredo17,Brandon214,Jacobs452,,,M,white,nonhispanic,M,Wilbraham  Massachusetts  US,922 Pouros Key Suite 4,Bellingham,Massachusetts,Norfolk County,25021,02019,42.0287057914414,-71.44479348479904,387040.72,304923.87,65726
d62cb1fe-4511-2d8a-b2ee-aaf2c899bdaa,2025-06-19,,999-84-2700,,,,Leon728,Brady998,Herzog843,,,,white,nonhispanic,M,Boston  Massachusetts  US,385 Smith Stravenue,Waltham,Massachusetts,Middlesex County,25017,02472,42.41852436642185,-71.21810068947462,4785.75,0.00,94671
9871e254-666d-ca0a-c214-9b3548190d37,1977-02-15,,999-18-9521,S99999623,X51734273X,Mr.,Dave764,Malik994,Wiegand701,,,M,white,nonhispanic,M,Nizhny Novgorod  Nizhny Novgorod Oblast  RU,599 Ondricka Pathway,Fall River,Massachusetts,Bristol County,25005,02720,41.6813670714262,-71.2254035553965,11151.67,157446.48,10207
7182c984-ac49-86d6-8dd2-d2140a06eb0a,2026-02-07,,999-82-6209,,,,Yvonne357,Juliana372,DuBuque211,,,,white,nonhispanic,F,New Bedford  Massachusetts  US,630 Smith Ferry Unit 13,Middleborough Center,Massachusetts,Plymouth County,,00000,41.85143840990269,-70.90809554112937,100.00,1336.98,10301
2120e909-c47f-62c0-b60f-f7e3196f59c3,1971-07-23,,999-88-6137,S99933708,X38025522X,Mrs.,Trudi580,Salome647,Klocko335,,Stracke611,M,white,nonhispanic,F,Lowell  Massachusetts  US,459 Donnelly View Suite 39,Monson,Massachusetts,Hampden County,,00000,42.125006716522705,-72.31420111798224,278489.06,35272.97,51909
1b1761ca-16ae-d9b8-1135-64685f8b4106,1964-04-18,,999-20-7004,S99982497,X56484076X,Mr.,Boyce638,Carroll471,Gleason633,,,M,white,nonhispanic,M,Medford  Massachusetts  US,227 Medhurst Village Suite 54,Bellingham,Massachusetts,Norfolk County,25021,02019,42.05936776655203,-71.46250542380305,124979.79,56398.07,65726
3b8e976a-345b-38f4-c4c4-c720e7170568,1970-10-17,,999-34-5250,S99963629,X55160975X,Mrs.,Barbie211,Christeen33,Sporer811,,Ratke343,M,white,nonhispanic,F,East Bridgewater  Massachusetts  US,675 Barrows Promenade,Bedford,Massachusetts,Middlesex County,25017,01730,42.4862516621227,-71.31852859089639,349700.19,1286846.50,145532
46dd2067-e729-2bc4-cad9-112792cb44d0,2006-02-03,,999-35-4429,S99937941,X24433360X,Ms.,Charlene806,Golda777,Legros616,,,,white,nonhispanic,F,Orleans  Massachusetts  US,585 Block Avenue Apt 13,Lowell,Massachusetts,Middlesex County,25017,01850,42.63583553462232,-71.32863473120132,47325.30,3707.55,148776
d0c43dc2-3b64-abf4-e9f1-0c305397a97d,1965-09-09,,999-16-6928,S99993682,X4546413X,Mrs.,Erminia669,Haley279,Parisian75,,Moen819,M,white,nonhispanic,F,Sandwich  Massachusetts  US,980 Moen Rue Unit 87,Holliston,Massachusetts,Middlesex County,,00000,42.178313428061884,-71.46336083392009,200739.77,960658.89,525281
e2bd02cc-d365-ad1f-a465-5bd1d24c1f66,1996-12-08,,999-23-6667,S99928112,X74333003X,Mr.,Benjamin360,Kermit56,Langworth352,,,M,white,nonhispanic,M,Turners Falls  Massachusetts  US,364 Walsh Dale,Cambridge,Massachusetts,Middlesex County,25017,02472,42.38712237362347,-71.13491020089103,44697.99,144482.90,94112
de786917-0f2f-4f3a-9081-c7699bb4bcf4,2010-08-31,,999-33-6429,,,,Dale454,Bonita405,Ankunding277,,,,asian,nonhispanic,F,Brockton  Massachusetts  US,125 Ebert Rapid Suite 47,West Stockbridge,Massachusetts,Berkshire County,,00000,42.29986073129881,-73.3518243791745,343365.98,142981.37,88403
783a439a-f9dc-07f4-55e8-9ba0c4649302,2023-07-11,,999-54-7311,,,,Priscila9,Ashlea10,Turner526,,,,asian,nonhispanic,F,Hopkinton  Massachusetts  US,632 Wintheiser Alley,Haverhill,Massachusetts,Essex County,25009,01832,42.80362592360343,-71.15696105348167,8139.00,0.00,140984
9410192e-7fda-c275-58f9-95158b8287d3,1946-01-07,,999-36-7856,S99944059,X40363224X,Mrs.,Corie618,Kourtney511,Harber290,,Gorczany269,M,white,nonhispanic,F,Medford  Massachusetts  US,400 Friesen Esplanade,Charlton,Massachusetts,Worcester County,,00000,42.118840837705285,-71.96488303830377,428506.17,1588484.04,125138
9827bd53-e357-1827-8aff-0639f451e9aa,2018-04-21,,999-45-1722,,,,Heath320,,Bradtke547,,,,white,nonhispanic,M,West Brookfield  Massachusetts  US,893 Jacobson Wynd,Peru,Massachusetts,Berkshire County,,00000,42.38433766500585,-73.0384428796773,17434.38,320.06,35279
4ddb4756-1889-53c7-9cd4-176880a01424,2022-10-22,,999-30-3308,,,,Grant908,Malik994,Auer97,,,,white,nonhispanic,M,Boston  Massachusetts  US,778 Bradtke Gate,Winthrop,Massachusetts,Suffolk County,25025,02128,42.335483351020684,-70.98809173038345,12371.01,1659.30,55680
bea391ee-5482-6881-97b5-bbd1bea1c0cb,2010-08-01,,999-98-7781,,,,Hector463,Sebastian508,White193,,,,asian,nonhispanic,M,Worcester  Massachusetts  US,565 Mosciski Parade Apt 47,Dunstable,Massachusetts,Middlesex County,,00000,42.69942908455873,-71.4709913749655,26984.56,28877.46,973980
897b5f30-3e89-1aff-a591-3f1864f98a8e,1985-11-27,,999-43-4100,S99965924,X19924189X,Mrs.,Stefany238,Azalee124,Schoen8,,Bailey598,M,white,nonhispanic,F,Springfield  Massachusetts  US,995 Rempel Park Suite 17,Kingston,Massachusetts,Plymouth County,25023,02364,41.958444630862644,-70.78289573778652,381662.22,447595.99,58296
fbf1cb7c-17e4-bcce-6d1c-04f9ae7149c8,1985-04-11,,999-11-9150,S99918107,X49707421X,Mr.,Damien170,Benedict104,Huels583,,,M,asian,nonhispanic,M,Westfield  Massachusetts  US,311 Jaskolski Terrace Unit 64,Wakefield,Massachusetts,Middlesex County,25009,01940,42.51733683027684,-71.03027272422118,87097.46,0.00,100439
06bf1603-10a3-9788-ab91-0701da9495b9,1961-04-22,1963-11-28,999-14-6540,,,,Ailene520,Keli839,Nolan344,,,,white,nonhispanic,F,Everett  Massachusetts  US,640 Durgan Road Suite 80,New Bedford,Massachusetts,Bristol County,25005,02744,41.602176486564915,-70.90141754772387,13863.83,14438.65,65537
714867e4-e677-e2f4-772e-a2f0be0fccc3,1971-09-26,,999-87-4722,S99956250,X77064248X,Mrs.,Lianne167,Deana43,Hudson301,,Stoltenberg489,D,white,nonhispanic,F,Frankfurt  Hesse  DE,749 Price Ranch Apt 45,Newburyport,Massachusetts,Essex County,25009,01951,42.799470292785756,-70.85631791075906,226961.41,393222.35,28401
d5a8f8f7-e4c8-8f13-34fb-912f903ce421,1979-10-12,,999-98-2101,S99963483,X8710647X,Mr.,Lance203,Dino214,Schumm995,,,S,white,nonhispanic,M,Norton  Massachusetts  US,406 Pfeffer Alley,Springfield,Massachusetts,Hampden County,25013,01151,42.126091240071105,-72.527690500789,86339.37,21548.64,29023
f612e067-7a0c-423a-229c-b22bc6c29970,1961-04-22,,999-38-9035,S99968441,X43829508X,Mrs.,Carleen42,Hisako109,Kris249,,Weber641,D,white,nonhispanic,F,Franklin  Massachusetts  US,1035 Reinger Grove,New Bedford,Massachusetts,Bristol County,25005,02744,41.581527931254726,-70.97397546935868,1063782.24,592664.45,65537
5f988ac8-6a3c-3fee-0b6d-b1ad1d31133e,1955-01-30,,999-21-8115,S99996510,X21594840X,Mrs.,Kyle55,Janett802,D'Amore443,,Schuster709,D,white,nonhispanic,F,Bedford  Massachusetts  US,836 Watsica Lodge Apt 65,Boston,Massachusetts,Suffolk County,25025,02215,42.44286838105158,-71.02821252710578,1033501.67,581282.37,54777
d1271217-24a1-6f05-68ae-43b75035411e,1968-05-12,,999-29-2696,S99986988,X29328477X,Mr.,Ken316,Malik994,Walter473,,,M,white,nonhispanic,M,Brookline  Massachusetts  US,743 Kovacek Lane,Stoughton,Massachusetts,Norfolk County,,00000,42.152296054332176,-71.1083149854253,304591.72,3856.42,44699
0f1b4b7a-73a0-eb63-5bd7-f55ae3136b1c,1986-05-15,,999-27-8143,S99969028,X47676214X,Mrs.,Lanell756,Elana101,Jacobi462,,Herzog843,M,white,nonhispanic,F,Methuen  Massachusetts  US,495 Thiel Ramp Unit 3,Brockton,Massachusetts,Plymouth County,25023,02351,42.053182199099915,-70.98516426717724,128512.92,440830.23,104523
39a17b9f-93b1-6b9c-0412-1d02479420d6,2003-04-08,,999-34-7502,S99963883,X33136778X,Ms.,Judy192,Kymberly381,Smith67,,,,white,nonhispanic,F,Belmont  Massachusetts  US,368 Schinner Bypass Unit 45,Lexington,Massachusetts,Middlesex County,25017,02421,42.48910712108704,-71.21482830749534,69280.97,3360.94,710894
ab475ca0-0d8e-958e-b948-0a6bdc83ff8b,2005-10-31,,999-35-9847,S99991861,X50693571X,Mr.,Frederick289,Jewel43,Durgan499,,,,white,nonhispanic,M,Worcester  Massachusetts  US,710 Bailey Well Suite 67,Boston,Massachusetts,Suffolk County,25017,02467,42.410116878573305,-71.08519105553107,8670.86,56869.03,23413
9afdd6c6-9f51-e276-22c1-ea49734b804e,1992-02-01,,999-92-1706,S99911018,X84800813X,Mr.,Jefferson174,Ronald408,Kunde533,PhD,,S,white,nonhispanic,M,Uxbridge  Massachusetts  US,984 Jakubowski Trace,Tewksbury,Massachusetts,Middlesex County,,00000,42.62192146513867,-71.2638079880559,89858.38,9984.01,149326
a546d700-4d83-ee33-b7f6-3ed856115d7f,1988-11-10,,999-92-1938,S99927752,X13473279X,Mr.,Anthony633,Antoine384,Bins636,,,S,black,nonhispanic,M,Newburyport  Massachusetts  US,232 Schmidt Pathway Suite 2,Boston,Massachusetts,Suffolk County,25025,02116,42.249319048407074,-71.17129005683898,133505.74,0.00,71690
3441610a-9b94-88fc-154f-1aaae511977d,1965-06-15,,999-84-4065,S99911840,X22837216X,Mrs.,Sharika71,Eboni653,Pacocha935,,Halvorson124,M,white,nonhispanic,F,Boston  Massachusetts  US,885 Koelpin Trail Suite 77,Brookline,Massachusetts,Norfolk County,25021,02446,42.30635068470474,-71.13643011596292,202889.33,226188.69,733461
902d7ac0-d020-01a0-a28e-909ac6016849,1989-06-18,,999-75-4491,S99974189,X63325312X,Mr.,Dallas143,,Tillman293,,,S,asian,nonhispanic,M,Busan  Busan  KR,606 Rutherford Fork,Lynnfield,Massachusetts,Essex County,25009,01940,42.56501848844132,-71.06414916359438,64106.37,2079.56,159006
63d925b9-3fdf-eebb-a265-47893a70daa5,1990-09-06,,999-95-7757,S99917382,X35972778X,Mrs.,Willow678,Phuong301,Willms744,,Pollich983,M,white,nonhispanic,F,Waltham  Massachusetts  US,745 Quitzon Trafficway Suite 52,Quincy,Massachusetts,Norfolk County,25021,02171,42.216455435740684,-71.11320534699956,193471.49,662544.61,95421
e2ecf710-9857-dc92-8389-6105b19ae370,1953-04-16,1958-05-24,999-20-7614,,,,Jerald662,Santo387,Harris789,,,,white,nonhispanic,M,Dedham  Massachusetts  US,1063 Metz Dam Apt 79,Turners Falls,Massachusetts,Franklin County,25011,01376,42.60721102599432,-72.50719282893024,2287.58,27857.39,23837
cc0c8316-988b-aa9d-ca77-b73fe66146ab,1956-02-04,,999-50-8156,S99957839,X45994542X,Mr.,Leandro563,Eddie505,Lesch175,,,D,asian,nonhispanic,M,Worcester  Massachusetts  US,590 Konopelski Gateway Apt 52,Cohasset,Massachusetts,Norfolk County,,00000,42.31137492769961,-70.80633732824525,411201.27,874676.07,69611
653714e7-0795-6792-b71e-4d1d6a561b8b,1978-07-11,,999-82-3899,S99912911,X60759057X,Mr.,Augustine565,,Durgan499,,,M,white,nonhispanic,M,Somerville  Massachusetts  US,956 Bayer Manor Unit 47,Williamstown,Massachusetts,Berkshire County,25003,01267,42.74193021227632,-73.19895072045092,83598.61,145582.07,395056
1a32e34e-f209-db84-fa1e-8969dd59e708,1953-04-16,,999-52-7350,S99911565,X21405285X,Mr.,Lamont867,Darrel772,Corwin846,,,D,white,nonhispanic,M,Stow  Massachusetts  US,996 Hartmann Crossroad Suite 32,Turners Falls,Massachusetts,Franklin County,25011,01376,42.63765057688037,-72.56048113180029,179883.89,857290.03,23837
3cf13350-7ac0-c72f-284d-aec184bd87ca,1941-06-24,2003-09-27,999-23-9211,S99960086,X63388701X,Mr.,Graig740,Brett333,Schinner682,,,W,white,nonhispanic,M,Framingham  Massachusetts  US,959 Gulgowski Knoll,East Falmouth,Massachusetts,Barnstable County,25001,02536,41.58471447046626,-70.55128606058106,149042.71,34195.76,138454
1551a0b2-884a-e9a0-96bf-20a67c02595a,1981-04-20,,999-43-5291,S99981098,X78467902X,Ms.,Susie661,Lavina533,Price929,,,S,white,nonhispanic,F,Plymouth  Massachusetts  US,945 Strosin Gate,Canton,Massachusetts,Norfolk County,,00000,42.220178608654805,-71.16592711391974,112962.92,383914.54,852597
187dfe11-1aa1-ad0e-f4b3-0f11cb020f96,1943-05-19,,999-59-8373,S99997078,X85855338X,Mrs.,Lavern240,Mackenzie361,Friesen796,,Huel628,M,white,nonhispanic,F,Saugus  Massachusetts  US,893 Johns Burg,Bourne,Massachusetts,Barnstable County,25001,02532,41.74490523670072,-70.58717057316073,1229834.86,645901.96,56117
52689dc0-7acb-0c65-f205-62f4a5d1556d,1958-10-19,2022-12-22,999-89-8168,S99979753,X47769983X,Mr.,Elton404,Lorenzo669,Lang846,,,M,white,nonhispanic,M,Pittsfield  Massachusetts  US,542 Fay Lane Suite 97,Bellingham,Massachusetts,Norfolk County,25021,02019,42.09082849620728,-71.494513491266,177162.69,3748069.23,108214
59a2e1fd-48c5-e1e1-697b-ed082755e47f,1996-06-07,,999-71-9848,S99937739,X64915549X,Mr.,Parker433,Rudy520,Larkin917,,,S,white,nonhispanic,M,Boston  Massachusetts  US,359 West Crossroad,Waltham,Massachusetts,Middlesex County,25017,02472,42.44008359201272,-71.23495861409117,63731.35,0.00,106402
4225ee56-a3cf-7996-e47e-28ea73355698,2014-03-27,,999-88-8002,,,,Wilfred787,Seymour882,Zemlak964,,,,white,nonhispanic,M,New Marlborough  Massachusetts  US,467 Wisoky Course,Springfield,Massachusetts,Hampden County,25013,01106,42.12182127338889,-72.50757070574585,2761.27,42301.78,21086
58cb1d99-5538-818e-32ee-cafa37e7439b,2018-03-22,,999-60-4267,,,,Kirk871,Josiah310,Farrell962,,,,white,nonhispanic,M,Acton  Massachusetts  US,318 McCullough Parade,Marshfield,Massachusetts,Plymouth County,25023,02050,42.09858432813613,-70.70606943180577,14247.29,14649.38,72522
24f74d45-c219-8748-0993-31258815cbe0,1995-10-07,,999-27-1570,S99969761,X48440819X,Mr.,Clinton763,Woodrow571,Moore224,,,M,white,nonhispanic,M,Boston  Massachusetts  US,120 Bruen Hollow,Springfield,Massachusetts,Hampden County,25013,01105,42.129296896847926,-72.4826682558015,73838.74,4350.38,72571
f7410fb7-0709-d3e5-9e87-6733dbcef000,1941-06-24,,999-69-9040,S99964166,X82722263X,Mr.,Rufus33,Sang383,Schamberger479,,,D,white,nonhispanic,M,Holden  Massachusetts  US,659 Sipes Brook Suite 71,East Falmouth,Massachusetts,Barnstable County,25001,02536,41.55131790721274,-70.52174169361743,219996.14,176308.70,138454
de8268a4-4754-02d2-32cf-6289468401e9,1995-02-19,,999-40-6991,S99985416,X19769260X,Mrs.,Danika134,,Beatty507,,Feil794,M,white,nonhispanic,F,Peabody  Massachusetts  US,306 Stroman Camp Apt 74,Hopkinton,Massachusetts,Middlesex County,25017,01748,42.25729178615312,-71.52058467359659,80943.73,242852.61,197375
448b5422-36fd-b76f-9a72-0ec979bb2f74,1999-07-05,,999-54-5252,S99948926,X43438649X,Mr.,Rory188,,Baumbach677,,,,white,nonhispanic,M,Dracut  Massachusetts  US,261 Ernser Mews Unit 85,Belchertown,Massachusetts,Hampshire County,25015,01007,42.23668926981351,-72.41492546347256,70329.18,20735.33,173729
19e7fe07-b7d3-97c3-3adb-4ffe93902974,1969-09-17,,999-50-6160,S99946622,X35469380X,Mrs.,Leida589,,Pfeffer420,,Conroy74,D,white,nonhispanic,F,Boston  Massachusetts  US,996 Moen Forge Apt 89,Salem,Massachusetts,Essex County,25009,01907,42.47165478229747,-70.88015492197185,70344.14,247163.68,445
dc84abc5-a07f-00cb-c7d7-91c1e976b3e8,1999-07-24,,999-25-1838,S99913171,X82078533X,Ms.,Marilou153,Elvie131,Hegmann834,,,,white,nonhispanic,F,Millis  Massachusetts  US,756 Beahan Rest,Chelsea,Massachusetts,Suffolk County,25017,02149,42.42209399278984,-71.07476627810202,10689.74,374284.98,24028
f7b800ed-1884-d158-f114-915726bddc48,1958-10-19,,999-39-4725,S99970894,X52560929X,Mr.,Frederic454,Jamie386,Kautzer186,,,M,white,nonhispanic,M,Gloucester  Massachusetts  US,958 Hagenes Heights Suite 30,Bellingham,Massachusetts,Norfolk County,25021,02019,42.06851136861523,-71.49982067447075,332211.37,74251.40,108214
1ea5ca81-ab2f-ae47-6413-7cc8c5f1b815,1953-07-23,,999-24-5807,S99941327,X21420027X,Mrs.,Latasha666,Charlyn749,Orn563,,Lockman863,D,white,nonhispanic,F,Chelsea  Massachusetts  US,867 Bruen Boulevard Apt 31,Holyoke,Massachusetts,Hampden County,25013,01040,42.16582999586979,-72.63640975990967,934006.06,389759.35,80672
d7a47289-27ca-d1d0-12c3-789594f3d0d5,2024-10-16,,999-94-7115,,,,Jarvis643,Simon598,Ondricka197,,,,white,nonhispanic,M,Boston  Massachusetts  US,521 Mueller Union,Hingham,Massachusetts,Plymouth County,25023,02043,42.254186122087326,-70.87156397761102,4051.85,4543.36,60134
1a0646da-e6a5-2d8d-cdda-02225482dea8,1974-01-05,,999-51-6647,S99983088,X84067444X,Mr.,Elmer371,Zachariah133,Skiles927,,,M,white,nonhispanic,M,Huntington  Massachusetts  US,1092 Howell Ranch Suite 12,Attleboro,Massachusetts,Bristol County,44007,02861,41.925752440425626,-71.33210064188182,12883.73,753603.28,17600
89306bce-71ec-34cd-a3d3-161f64bdc72d,1967-08-10,,999-41-3303,S99927064,X17742738X,Mrs.,Stefany238,Tamesha39,Douglas31,,Daniel959,M,white,nonhispanic,F,Norwood  Massachusetts  US,653 Mayert Overpass,Deerfield,Massachusetts,Franklin County,25011,01342,42.56556283334097,-72.59780012155531,1039816.24,494428.12,83201
5ac1c2e4-57de-17be-f578-be8c81133f46,1964-07-12,,999-60-8855,S99948153,X4527135X,Ms.,Darla154,,Renner328,,,S,black,hispanic,F,Amherst  Massachusetts  US,1023 Wolff View,Boston,Massachusetts,Suffolk County,25025,02203,42.318564044343226,-71.06472451875749,1211208.84,920251.70,399
